{
  "model_name": "ownership_model",
  "features": [
    "salary",
    "proj",
    "proj_minutes",
    "floor",
    "ceil"
  ],
  "imputer": {
    "fill_values": [
      4700.0,
      21.40475,
      15.7,
      13.04,
      29.08
    ]
  },
  "scaler": {
    "mean": [
      5208.823529,
      22.72099,
      17.179298,
      13.99681,
      31.22375
    ],
    "scale": [
      1945.438212,
      10.398044,
      6.191922,
      6.417839,
      14.316579
    ]
  },
  "ridge": {
    "coef": [
      0.998735,
      -0.093173,
      -0.373027,
      -0.072256,
      -0.073155
    ],
    "intercept": 0.5546
  },
  "trained_at": "2026-03-09T14:27:57.389483+00:00",
  "n_rows": 1768,
  "n_features": 5,
  "target": "ownership"
}