{
  "model_type": "ridge_pipeline",
  "features": [
    "salary",
    "proj",
    "rg_ownership"
  ],
  "imputer": {
    "strategy": "median",
    "fill_values": [
      4600.0,
      19.77,
      0.51
    ]
  },
  "scaler": {
    "mean": [
      5036.936936936937,
      20.52810810810811,
      7.207207207207207
    ],
    "scale": [
      1979.6226743902453,
      11.995430925457065,
      13.186599953226553
    ]
  },
  "ridge": {
    "coef": [
      -5.348271109134584,
      6.535325952265251,
      1.383555933729892
    ],
    "intercept": 6.299392658374567,
    "alpha": 10.0
  }
}