{
  "model_name": "ownership_model",
  "features": [
    "salary",
    "proj",
    "proj_minutes",
    "floor",
    "ceil"
  ],
  "imputer": {
    "fill_values": [
      4700.0,
      21.276518,
      15.8,
      13.03,
      29.08
    ]
  },
  "scaler": {
    "mean": [
      5224.90392,
      22.634729,
      17.225407,
      13.967879,
      31.159239
    ],
    "scale": [
      1947.996687,
      10.135253,
      6.207224,
      6.289646,
      14.030829
    ]
  },
  "ridge": {
    "coef": [
      1.086666,
      -0.158778,
      -0.311664,
      -0.084662,
      -0.085761
    ],
    "intercept": 0.605499
  },
  "trained_at": "2026-03-09T00:50:52.605359+00:00",
  "n_rows": 1301,
  "n_features": 5,
  "target": "ownership"
}