{
  "model_name": "ownership_model",
  "features": [
    "salary",
    "proj",
    "proj_minutes",
    "floor",
    "ceil"
  ],
  "imputer": {
    "fill_values": [
      4700.0,
      21.328682,
      15.75,
      13.05,
      29.12
    ]
  },
  "scaler": {
    "mean": [
      5226.526163,
      22.716466,
      17.232816,
      14.022108,
      31.280262
    ],
    "scale": [
      1944.813054,
      10.150458,
      6.194533,
      6.298299,
      14.050073
    ]
  },
  "ridge": {
    "coef": [
      1.058503,
      -0.144052,
      -0.31246,
      -0.081119,
      -0.082132
    ],
    "intercept": 0.607512
  },
  "trained_at": "2026-03-09T01:03:36.636352+00:00",
  "n_rows": 1376,
  "n_features": 5,
  "target": "ownership"
}