{
  "model_type": "ridge_pipeline",
  "features": [
    "salary",
    "tank01_proj",
    "rg_proj",
    "rolling_fp_5",
    "rolling_fp_10",
    "rolling_fp_20",
    "rolling_min_5",
    "rolling_min_10",
    "dvp",
    "home",
    "b2b",
    "days_rest"
  ],
  "imputer": {
    "strategy": "median",
    "fill_values": [
      7100.0,
      22.05,
      22.232142857142858,
      22.05,
      22.928571428571427,
      24.8125,
      24.333333333333332,
      24.8,
      22.5,
      1.0,
      0.0,
      2.0
    ]
  },
  "scaler": {
    "mean": [
      7151.463414634146,
      22.875296409214094,
      22.88866107723577,
      22.875296409214094,
      23.47767941831204,
      24.863724131559497,
      23.32258130081301,
      24.58700396825397,
      22.403418038108004,
      0.5020325203252033,
      0.174390243902439,
      3.066666666666667
    ],
    "scale": [
      1728.5108882902455,
      11.212316063505895,
      11.004551652243972,
      11.212316063505895,
      7.527455663405064,
      1.738505163503326,
      8.098636446000786,
      5.2036958743829524,
      1.6349921227302637,
      0.4999958688440612,
      0.3794447084017471,
      2.742251957690612
    ]
  },
  "ridge": {
    "coef": [
      -3.199876851835073,
      0.7801719164854477,
      8.026936646840669,
      0.7801719164848054,
      1.714056535967478,
      -0.36404770141452597,
      2.51462744053602,
      -0.7621822562848963,
      0.7528301976507114,
      -0.314021519310545,
      0.2535676493814294,
      -0.4050493555851564
    ],
    "intercept": 22.522154471544717,
    "alpha": 1.0
  }
}