{
  "model_type": "ridge_pipeline",
  "features": [
    "salary",
    "rolling_min_5",
    "rolling_min_10",
    "rolling_min_20"
  ],
  "imputer": {
    "strategy": "median",
    "fill_values": [
      4600.0,
      15.260740632422348,
      15.419189864831582,
      15.419189864831582
    ]
  },
  "scaler": {
    "mean": [
      5036.936936936937,
      16.689621242432178,
      16.72223949691134,
      16.72223949691134
    ],
    "scale": [
      1979.6226743902453,
      6.895758760775767,
      6.82423764495295,
      6.82423764495295
    ]
  },
  "ridge": {
    "coef": [
      6.367501530159299,
      -0.9987435261642249,
      0.4653872948945689,
      0.4653872948945668
    ],
    "intercept": 16.625728511226814,
    "alpha": 10.0
  }
}