{
  "model_name": "yakos_fp_model",
  "features": [
    "salary",
    "proj_minutes",
    "floor",
    "ceil"
  ],
  "imputer": {
    "fill_values": [
      4700.0,
      15.7,
      13.04,
      29.08
    ]
  },
  "scaler": {
    "mean": [
      5208.823529,
      17.179298,
      13.99681,
      31.22375
    ],
    "scale": [
      1945.438212,
      6.191922,
      6.417839,
      14.316579
    ]
  },
  "ridge": {
    "coef": [
      -4.662328,
      9.25235,
      2.624947,
      2.655691
    ],
    "intercept": 22.639847
  },
  "trained_at": "2026-03-09T14:27:56.801376+00:00",
  "n_rows": 1768,
  "n_features": 4,
  "target": "actual_fp"
}