{
  "model_name": "yakos_fp_model",
  "features": [
    "salary",
    "proj_minutes",
    "floor",
    "ceil"
  ],
  "imputer": {
    "fill_values": [
      4700.0,
      15.8,
      13.03,
      29.08
    ]
  },
  "scaler": {
    "mean": [
      5224.90392,
      17.225407,
      13.967879,
      31.159239
    ],
    "scale": [
      1947.996687,
      6.207224,
      6.289646,
      14.030829
    ]
  },
  "ridge": {
    "coef": [
      -3.717135,
      8.600121,
      2.350848,
      2.379717
    ],
    "intercept": 22.615488
  },
  "trained_at": "2026-03-09T00:50:52.104805+00:00",
  "n_rows": 1301,
  "n_features": 4,
  "target": "actual_fp"
}