{
  "model_name": "yakos_fp_model",
  "features": [
    "salary",
    "proj_minutes",
    "floor",
    "ceil"
  ],
  "imputer": {
    "fill_values": [
      4700.0,
      15.75,
      13.05,
      29.12
    ]
  },
  "scaler": {
    "mean": [
      5226.526163,
      17.232816,
      14.022108,
      31.280262
    ],
    "scale": [
      1944.813054,
      6.194533,
      6.298299,
      14.050073
    ]
  },
  "ridge": {
    "coef": [
      -3.638816,
      8.492285,
      2.411223,
      2.435222
    ],
    "intercept": 22.652435
  },
  "trained_at": "2026-03-09T01:03:36.178317+00:00",
  "n_rows": 1376,
  "n_features": 4,
  "target": "actual_fp"
}